compound,neg,neu,pos,subreddit
0.07948580000000001,0.06860200000000001,0.801888,0.12951,funny
-0.013991400000000005,0.091866,0.821678,0.08644199999999999,AskReddit
0.08049859999999999,0.07401400000000001,0.8116760000000001,0.110308,gaming
0.0943008,0.059944000000000004,0.8373360000000001,0.102718,pics
0.051336,0.085366,0.820348,0.094316,science
-0.167185,0.130162,0.8060620000000001,0.06375800000000001,worldnews
-0.049320399999999986,0.083678,0.845268,0.07106,todayilearned
0.0311204,0.086966,0.8134739999999999,0.09956,videos
0.0019491999999999997,0.07563800000000001,0.8560019999999999,0.068358,movies
0.18841440000000004,0.038944,0.8063140000000001,0.15474200000000002,aww
0.05676900000000001,0.04689,0.8902519999999999,0.06285,IAmA
-0.023386599999999997,0.09374400000000001,0.8359219999999999,0.07032999999999999,Music
0.07289540000000001,0.07395600000000001,0.800244,0.1258,gifs
-0.23755120000000002,0.185744,0.752278,0.061976,news
0.2526333333333334,0.021666666666666667,0.8432666666666666,0.13506666666666664,blog
0.10749059999999999,0.026736,0.90359,0.06966399999999999,EarthPorn
0.010025200000000001,0.049258,0.8997459999999999,0.050986000000000004,askscience
0.004716800000000003,0.053492000000000005,0.89441,0.05209400000000001,explainlikeimfive
0.019142199999999998,0.081134,0.8265879999999999,0.092286,Showerthoughts
0.0899078,0.07438800000000001,0.809004,0.1166,books
0.08413860000000001,0.033014,0.8830680000000001,0.083922,mildlyinteresting
0.015277199999999998,0.07755799999999999,0.8392660000000001,0.08116799999999999,Jokes
0.0115728,0.08027200000000001,0.8426520000000001,0.07708000000000001,television
0.163928,0.055686000000000006,0.8469380000000001,0.097356,LifeProTips
0.07310420000000001,0.031478,0.9054479999999999,0.063064,DIY
0.013955199999999996,0.006486,0.97547,0.018044,food
0.09652519999999999,0.031145999999999997,0.9060879999999999,0.06275399999999999,space
0.11885739999999999,0.060315999999999995,0.816186,0.12349600000000001,sports
0.038649199999999995,0.042682000000000005,0.8940060000000001,0.063308,gadgets
-0.10269319999999997,0.12658599999999998,0.7994840000000001,0.07395,nottheonion
0.005843000000000001,0.028886000000000002,0.940802,0.030316000000000006,Art
0.008360000000000001,0.028651999999999997,0.93591,0.03543600000000001,photoshopbattles
0.1243246,0.055572,0.7937860000000001,0.150636,GetMotivated
0.06644059999999999,0.07996799999999997,0.8078,0.112234,UpliftingNews
-0.0767182,0.08568400000000001,0.8703700000000001,0.043954,tifu
0.006665600000000002,0.059760000000000014,0.8790540000000001,0.06118599999999999,listentothis
-0.0961402,0.10185,0.8296400000000002,0.06852799999999999,Documentaries
-0.0504786,0.094938,0.8368120000000001,0.068242,history
0.08705399999999999,0.06831800000000003,0.841308,0.090362,Futurology
0.0181262,0.039724,0.907662,0.052615999999999996,dataisbeautiful
0.0912368,0.027726,0.907942,0.064328,OldSchoolCool
0.027950799999999998,0.08402000000000001,0.8197780000000001,0.096192,personalfinance
0.030350799999999997,0.09744,0.7944899999999999,0.10808,philosophy
-0.08891439999999999,0.10602,0.806742,0.08722400000000001,WritingPrompts
-0.1002896,0.12794400000000006,0.7963040000000001,0.07375799999999999,nosleep
-0.0182602,0.06553800000000001,0.8766600000000001,0.047804,creepy
-0.1149802,0.13284400000000002,0.773988,0.09315,TwoXChromosomes
-0.11629979999999998,0.12107999999999998,0.806212,0.07271999999999999,technology
0.0646712,0.100418,0.7971459999999999,0.10244600000000001,Fitness
0.042005,0.095432,0.7784479999999999,0.126118,AdviceAnimals
-0.036419200000000006,0.111372,0.8078620000000001,0.08076599999999999,WTF
-0.0493104,0.10318,0.8139359999999999,0.082886,bestof
-0.06555319999999999,0.11279,0.807578,0.07962800000000002,politics
0.028026200000000005,0.094354,0.768404,0.135242,memes
0.0468912,0.04347,0.8789760000000001,0.077552,interestingasfuck
0.2086966,0.042774,0.7160340000000001,0.241192,wholesomememes
-0.011599800000000002,0.1164,0.7597820000000001,0.119818,BlackPeopleTwitter
0.10315879999999998,0.032083999999999994,0.857866,0.110056,oddlysatisfying
0.051950800000000005,0.089274,0.7945,0.11623,leagueoflegends
0.041779199999999996,0.042778,0.882424,0.0748,woahdude
-0.17750920000000006,0.144998,0.766624,0.088396,atheism
-0.0721736,0.111824,0.8050360000000001,0.08313,relationships
0.09123139999999999,0.05588000000000001,0.837816,0.10631199999999999,lifehacks
-0.02302,0.106128,0.7879639999999999,0.09791,facepalm
0.054158600000000015,0.06698400000000003,0.817144,0.115872,pcmasterrace
0.2201452,0.014792,0.8644879999999999,0.120716,travel
0.012420000000000006,0.058726000000000014,0.880814,0.06046,reactiongifs
0.0142186,0.06465599999999999,0.8540840000000001,0.08126,europe
0.0,0.0,1.0,0.0,me_irl
0.06499500000000001,0.08075199999999999,0.7859079999999999,0.13333599999999998,Overwatch
0.06689880000000001,0.027716,0.8943639999999999,0.077928,NatureIsFuckingLit
0.08263380000000001,0.065038,0.848266,0.086684,nba
-0.0495294,0.094912,0.84751,0.05757999999999999,Whatcouldgowrong
0.066774,0.093876,0.73626,0.15987,dankmemes
0.039891199999999995,0.08916800000000001,0.7913640000000001,0.11947,Unexpected
0.08429560000000001,0.06369000000000001,0.7998099999999999,0.13651,Tinder
0.1043576,0.025075999999999998,0.9073,0.067622,tattoos
0.2220982,0.04253400000000001,0.714276,0.243192,AnimalsBeingBros
0.0150916,0.097572,0.7985419999999999,0.10388199999999999,PS4
-0.0431704,0.14115,0.7705299999999999,0.088324,AnimalsBeingJerks
0.1070948,0.039826,0.8472459999999999,0.11293199999999999,malefashionadvice
0.0268738,0.06876,0.8497459999999999,0.08149600000000001,programming
0.10353499999999999,0.01157,0.918932,0.069498,FoodPorn
-0.0654752,0.08788399999999999,0.8621979999999999,0.049928,hiphopheads
0.1263318,0.032942,0.877242,0.08982000000000001,gameofthrones
-0.0032781999999999967,0.12388,0.758808,0.113318,trippinthroughtime
-0.08015979999999999,0.10974400000000001,0.8271139999999999,0.06312999999999999,Games
0.0379302,0.060691999999999996,0.8612560000000001,0.07805000000000001,Android
-0.0242044,0.12193599999999995,0.7880199999999999,0.09004,instant_regret
0.026974,0.08288200000000001,0.794284,0.112838,BikiniBottomTwitter
-0.0451598,0.099484,0.833134,0.06737,mildlyinfuriating
-0.036886399999999986,0.08393400000000001,0.845096,0.07095599999999999,dadjokes
0.14864800000000006,0.051886,0.8173560000000001,0.13075600000000004,pokemongo
0.052883000000000006,0.071464,0.814976,0.111564,CrappyDesign
9.620000000000097e-05,0.099462,0.8163239999999999,0.0842,loseit
0.1665748,0.056822000000000004,0.7980799999999999,0.14510599999999998,boardgames
0.0376312,0.01257,0.945488,0.041942,GifRecipes
0.062144799999999986,0.044978,0.866876,0.088146,Damnthatsinteresting
0.1293934,0.021315999999999998,0.8761019999999999,0.102578,pokemon
0.1091946,0.055605999999999996,0.8311379999999999,0.11325,buildapc
0.1238444,0.048794,0.851092,0.100122,soccer
0.23204780000000005,0.028974000000000007,0.812016,0.159018,gardening
0.0215566,0.089962,0.77833,0.131702,nonononoyes
0.1308064,0.05166799999999999,0.809654,0.13869800000000002,trees
-0.1031218,0.06642,0.9005299999999999,0.033046,HistoryPorn
0.0295572,0.06325599999999999,0.8471639999999999,0.087578,HighQualityGifs
0.0311082,0.014512,0.953644,0.031842,itookapicture
-0.0033926000000000013,0.108358,0.7770659999999999,0.11257399999999998,humor
-0.00808,0.104304,0.792778,0.098928,Wellthatsucks
0.07778760000000001,0.038326,0.8635240000000001,0.098156,BeAmazed
0.15370820000000002,0.045642,0.7578779999999999,0.180478,rarepuppers
0.1144412,0.037696,0.8593940000000001,0.10290999999999999,iphone
0.18901199999999999,0.040766,0.766444,0.188788,Eyebleach
0.0791084,0.070276,0.7867139999999999,0.14101,BetterEveryLoop
0.0449366,0.06861,0.838828,0.092552,photography
-0.08586160000000001,0.126962,0.7885019999999999,0.084518,relationship_advice
-0.06614819999999999,0.06660200000000001,0.8954540000000001,0.037944,OutOfTheLoop
0.095099,0.094558,0.743838,0.15961399999999998,ContagiousLaughter
0.06660819999999999,0.04995,0.823792,0.120262,PewdiepieSubmissions
0.07199119999999999,0.078942,0.8054100000000001,0.115654,xboxone
-0.048200400000000004,0.12236400000000001,0.78804,0.08960800000000001,trashy
0.0867672,0.060503999999999995,0.8063739999999999,0.13112200000000002,AnimalsBeingDerps
0.08661060000000001,0.083138,0.785814,0.131052,sex
0.009227799999999998,0.118852,0.7553920000000001,0.125746,RoastMe
0.126346,0.058910000000000004,0.851384,0.089712,nfl
0.13464759999999998,0.030636,0.8802859999999999,0.089074,slowcooking
-0.0076165999999999985,0.094144,0.8216359999999999,0.084222,pcgaming
0.165224,0.045984,0.8148759999999999,0.13913399999999998,EatCheapAndHealthy
0.133442,0.058674,0.8253360000000001,0.11598,Cooking
0.059426,0.074728,0.8265319999999999,0.098738,keto
0.0436288,0.067298,0.797412,0.135286,comics
0.039901200000000005,0.07750200000000003,0.808904,0.111588,ChildrenFallingOver
0.1950958,0.049216,0.7988900000000001,0.14989800000000006,cats
0.16282200000000002,0.03102,0.8694219999999999,0.09955,woodworking
0.0,0.0,1.0,0.0,hmmm
-0.12045519999999998,0.133152,0.792768,0.0741,confession
0.0661094,0.07160599999999999,0.812652,0.11574200000000001,rickandmorty
0.014947200000000002,0.105758,0.7803,0.113944,cringepics
-0.07022619047619047,0.12992261904761904,0.7752976190476191,0.09478571428571428,wheredidthesodago
0.037348,0.06635200000000001,0.8479639999999999,0.085676,cars
-0.140435,0.131388,0.82371,0.044892,Roadcam
0.17249979999999998,0.0386,0.838958,0.122448,NintendoSwitch
-0.07316900000000001,0.15402600000000002,0.7270899999999999,0.11889000000000001,offmychest
-0.016482599999999997,0.10553,0.7882339999999999,0.106228,NetflixBestOf
0.19103500000000004,0.058552,0.7428060000000001,0.19863599999999998,HumansBeingBros
0.19403660000000006,0.03936,0.83936,0.121282,Frugal
0.19699979999999997,0.041206000000000007,0.741784,0.217,MadeMeSmile
0.08337620000000001,0.052474000000000014,0.8357060000000001,0.11183,Bitcoin
0.0550572,0.086306,0.7914439999999999,0.12223599999999998,FortNiteBR
0.1480842,0.043714,0.8194960000000001,0.136782,MakeupAddiction
-0.010843599999999998,0.10781600000000001,0.79606,0.09613,4chan
-0.082875,0.127998,0.7994359999999999,0.07257999999999999,quityourbullshit
0.0572768,0.08513599999999999,0.789942,0.124914,StarWars
0.06198960000000001,0.094318,0.7285659999999999,0.17310599999999998,WhitePeopleTwitter
-0.0006993999999999987,0.07009800000000001,0.864028,0.063872,blackmagicfuckery
0.064617,0.049239999999999985,0.8645739999999998,0.08619,manga
0.0908384,0.01161,0.922348,0.06604399999999999,recipes
0.0861214,0.08175199999999999,0.8060940000000001,0.112162,ChoosingBeggars
0.044824,0.10243,0.747568,0.143996,teenagers
0.0946328,0.054948,0.8416040000000001,0.103442,scifi
0.10263620000000001,0.068672,0.80294,0.126384,hearthstone
0.1099154,0.06798799999999999,0.8034380000000001,0.128566,wow
-0.0756878,0.15104800000000002,0.747132,0.09982,insanepeoplefacebook
0.165002,0.02585,0.8655459999999999,0.108596,backpacking
0.07185760000000001,0.05717600000000001,0.8597940000000001,0.08303200000000001,YouShouldKnow
0.1327932,0.045454,0.835412,0.11913,Minecraft
0.02687200000000001,0.083584,0.822744,0.093674,AskMen
0.14031939999999998,0.036686,0.84547,0.115848,drawing
0.1246462,0.013766,0.907544,0.07868800000000001,raspberry_pi
-0.096677,0.06993400000000001,0.881626,0.048424,MovieDetails
0.0214728,0.057848,0.8645379999999999,0.077622,youtubehaiku
0.12184860000000002,0.02586,0.896862,0.07728200000000003,MealPrepSunday
0.1261286,0.055316,0.81876,0.12593,bodyweightfitness
0.1122778,0.028133999999999996,0.8829959999999999,0.08888,frugalmalefashion
0.059016999999999986,0.05609,0.8598540000000001,0.08405199999999999,apple
0.057275,0.07195800000000001,0.804742,0.123298,nevertellmetheodds
0.0030931999999999986,0.11548199999999999,0.7609899999999999,0.12353800000000001,FiftyFifty
0.0905918,0.035148,0.8635160000000001,0.101338,streetwear
0.0633451127819549,0.10587593984962404,0.7521766917293232,0.1419436090225564,reallifedoodles
0.08487739999999999,0.076852,0.780984,0.14216199999999998,iamverysmart
-0.038707599999999995,0.078148,0.8522219999999999,0.06962600000000001,AskHistorians
-0.12354839999999999,0.147226,0.780664,0.07212,cringe
-0.0027905999999999994,0.046327999999999994,0.913986,0.03969,holdmybeer
-0.3647846,0.322644,0.613826,0.06354000000000001,PeopleFuckingDying
0.090738,0.040373999999999986,0.8706940000000001,0.08893200000000001,howto
0.15916560000000002,0.037880000000000004,0.8492280000000001,0.11289,nintendo
0.13482080000000002,0.046906,0.799362,0.14973999999999998,DunderMifflin
0.1003954,0.060506,0.8299700000000001,0.10951199999999998,anime
0.036907,0.04255,0.9037959999999999,0.053652,whatisthisthing
-0.107968,0.17928,0.725286,0.095446,MurderedByWords
0.0908302,0.061462,0.836392,0.102154,DnD
0.11066780000000001,0.036996,0.8568540000000001,0.104146,battlestations
-0.0715814,0.096696,0.835894,0.06741399999999999,NoStupidQuestions
0.17236259999999998,0.05798,0.8184839999999999,0.12353399999999999,SkincareAddiction
0.014588199999999997,0.11358,0.74905,0.13736600000000002,PrequelMemes
0.164501,0.042062,0.828944,0.12899599999999994,learnprogramming
0.026742,0.107436,0.7683800000000001,0.124174,thatHappened
0.0918612,0.054584,0.8470040000000001,0.09841799999999999,baseball
-0.017613999999999998,0.105922,0.795222,0.09886,therewasanattempt
0.026781,0.100644,0.789234,0.110126,DestinyTheGame
-0.022262000000000004,0.13968599999999998,0.7582000000000001,0.100122,WatchPeopleDieInside
0.0032075999999999997,0.08885599999999999,0.8222520000000001,0.088894,assholedesign
0.10710360000000001,0.07393200000000001,0.8095439999999999,0.11651600000000001,AskWomen
0.1465388,0.031216000000000004,0.8240060000000001,0.144782,MemeEconomy
0.1093202,0.0068200000000000005,0.9399799999999999,0.053196,RoomPorn
0.0955314,0.028546,0.8872299999999999,0.08422199999999999,ArtisanVideos
0.02264720000000001,0.090462,0.813454,0.096082,dogs
-0.0232802,0.121598,0.790902,0.08749799999999999,youseeingthisshit
-0.13852260000000002,0.204508,0.7309100000000001,0.058575999999999996,madlads
0.07438339999999999,0.03919199999999999,0.903144,0.057644000000000015,Awwducational
0.047889416846652266,0.06351187904967602,0.8497926565874729,0.08453995680345573,PerfectTiming
0.0229158,0.037876,0.912484,0.049644,educationalgifs
0.12170919999999999,0.043662,0.8555640000000001,0.10077799999999999,comicbooks
0.0611862,0.09292,0.7799380000000001,0.12715,PUBATTLEGROUNDS
0.0481442,0.084472,0.8103640000000001,0.10516600000000001,GlobalOffensive
0.035618000000000004,0.07974799999999999,0.8212619999999999,0.098994,CryptoCurrency
-0.1113376,0.13231800000000002,0.7955979999999999,0.072098,entertainment
-0.19650080000000006,0.125272,0.802774,0.071982,conspiracy
0.0557332,0.074722,0.7984600000000001,0.122816,oldpeoplefacebook
-0.0552538,0.101382,0.8490160000000001,0.049602000000000014,natureismetal
0.008472000000000002,0.111934,0.778568,0.10951,Parenting
0.029755000000000007,0.041012,0.896076,0.062904,shittyaskscience
-0.030392400000000007,0.096868,0.8287180000000001,0.07441800000000001,GamePhysics
0.09781619999999999,0.09132400000000003,0.7378279999999999,0.16885399999999998,niceguys
0.020234400000000003,0.087642,0.807962,0.1044,thewalkingdead
0.0498014,0.06002800000000001,0.8531599999999999,0.086796,biology
-0.18919,0.202678,0.74654,0.046794,urbanexploration
-0.0180162,0.11331600000000001,0.7761659999999999,0.108516,OopsDidntMeanTo
0.0134502,0.05191799999999999,0.8868459999999999,0.06123400000000001,starterpacks
0.08530420000000001,0.023326,0.8764799999999999,0.10019600000000001,wallpaper
0.07379,0.08563599999999999,0.764634,0.149728,TrollXChromosomes
-0.06458480000000001,0.11939200000000001,0.8280660000000001,0.052542,nononono
0.1203742,0.040477999999999986,0.8577180000000001,0.101812,mac
0.033362399999999987,0.07854599999999999,0.8143779999999999,0.10306199999999999,TrollYChromosome
0.07769120000000003,0.12896800000000005,0.7171460000000001,0.153894,socialskills
0.053413600000000006,0.067816,0.81187,0.120308,ProgrammerHumor
0.062749,0.040732,0.8684120000000001,0.09085599999999999,ATBGE
-0.21136839999999998,0.13911800000000002,0.8192240000000001,0.041632,legaladvice
0.0992342,0.062942,0.8171459999999999,0.119924,femalefashionadvice
-0.06311439999999999,0.131022,0.769072,0.09990800000000001,horror
0.08644600000000001,0.07104200000000001,0.76732,0.15963600000000006,yesyesyesyesno
-0.015664199999999996,0.08995600000000001,0.8282639999999999,0.08177200000000001,savedyouaclick
-0.2604478,0.19435999999999998,0.781208,0.024434,AbandonedPorn
-0.019665000000000002,0.11922200000000001,0.7664920000000001,0.11228800000000001,KidsAreFuckingStupid
0.04539179999999999,0.049606,0.8676759999999999,0.08271600000000001,shittyfoodporn
0.0414782,0.07967599999999997,0.8290740000000001,0.091252,UnethicalLifeProTips
-0.018625,0.079322,0.8455440000000001,0.075136,MMA
-0.062916,0.12928399999999998,0.78283,0.08588400000000003,IdiotsInCars
0.1120226,0.053304,0.8393579999999999,0.10733599999999999,hockey
0.031594399999999995,0.095326,0.7710600000000001,0.13362000000000002,The_Donald
0.10202439999999999,0.018742,0.8807940000000001,0.10046,CozyPlaces
0.14578139999999998,0.05299799999999999,0.752356,0.19464800000000002,likeus
0.124271,0.044672,0.8416140000000001,0.11371400000000001,math
0.16282879999999997,0.034676,0.8284159999999999,0.136904,zelda
0.0227014,0.096124,0.778104,0.12377,greentext
-0.0549658,0.120216,0.782362,0.097428,changemyview
-0.2226402,0.19374,0.7441439999999999,0.06212400000000001,PublicFreakout
0.0688854,0.047042,0.875416,0.077542,electronicmusic
0.051407400000000006,0.09223599999999997,0.7740119999999999,0.133744,MaliciousCompliance
-0.2330888,0.19685999999999998,0.7201259999999999,0.081012,JusticeServed
0.0148532,0.051815999999999994,0.8922539999999999,0.055928,holdmycosmo
-0.025024200000000003,0.14134000000000002,0.7396119999999999,0.11706,iamverybadass
0.08260899999999999,0.08097,0.803608,0.115416,writing
0.0728742,0.016655999999999997,0.940908,0.042434,Astronomy
-0.005485400000000003,0.07916200000000001,0.8406299999999999,0.080218,investing
0.1590996,0.026918,0.8546,0.11848,camping
0.15532,0.043568,0.8429679999999999,0.113462,foodhacks
0.1939536,0.033800000000000004,0.840892,0.125308,CampingandHiking
0.024385600000000004,0.082754,0.823528,0.093726,CollegeBasketball
0.1082512,0.04025,0.8474680000000001,0.10828,Sneakers
-0.008572600000000001,0.089568,0.8323740000000001,0.078054,DeepIntoYouTube
0.11002960000000002,0.037086,0.8701099999999999,0.092808,Physics
-0.24617020000000003,0.185804,0.793884,0.020324,CatastrophicFailure
0.251485,0.048566000000000005,0.8178880000000001,0.13354200000000002,progresspics
-0.1367698,0.138464,0.778648,0.080886,worldpolitics
0.1048048,0.071214,0.791466,0.137312,marvelstudios
-0.2989566,0.17172800000000002,0.7782979999999999,0.049952,UnresolvedMysteries
0.06387400000000001,0.037466,0.8885879999999999,0.07394400000000002,nostalgia
0.5000627999999999,0.011062,0.6729740000000001,0.3159540000000001,freebies
0.139529,0.02584,0.85272,0.11744600000000001,Design
0.0242776,0.057429999999999995,0.793222,0.09734800000000003,DeepFriedMemes
0.050160199999999995,0.08304600000000001,0.7813280000000001,0.13361800000000001,PoliticalHumor
0.174778,0.025376,0.818144,0.15648399999999998,Perfectfit
0.09184180000000003,0.093446,0.770138,0.13639800000000002,dating_advice
0.1082048,0.053274,0.8341400000000001,0.11259,westworld
0.08327899999999999,0.012495999999999998,0.937606,0.049901999999999995,spaceporn
-0.0543582,0.08509399999999999,0.8504520000000001,0.064452,tipofmytongue
0.0014006,0.0,0.999382,0.000618,2meirl4meirl
0.09163580000000003,0.023412,0.8698199999999999,0.10477,DesignPorn
0.0254338,0.048060000000000005,0.884868,0.065072,Cinemagraphs
0.0015955307262569812,0.08307541899441341,0.8410279329608937,0.07031005586592179,WhyWereTheyFilming
0.013206800000000008,0.084578,0.81545,0.09797400000000002,hacking
0.044769400000000015,0.06645000000000001,0.846612,0.08693200000000002,HomeImprovement
-0.0164712,0.06541399999999999,0.8820100000000001,0.05258200000000001,GameDeals
0.0366244,0.06893200000000001,0.8452799999999999,0.08579400000000001,literature
0.0949044,0.06044600000000001,0.8290200000000001,0.11053199999999999,motorcycles
-0.024270600000000003,0.077526,0.8583959999999999,0.064084,Bossfight
0.09133560000000002,0.015222,0.901978,0.08279199999999999,carporn
0.0,0.0,1.0,0.0,meirl
0.06328980000000001,0.02351,0.914006,0.062484000000000005,MapPorn
0.0632266,0.05859400000000001,0.859216,0.082194,running
0.1337432,0.059878,0.797758,0.14037600000000006,harrypotter
0.12516139999999998,0.056008,0.805106,0.13888799999999998,southpark
0.1020334,0.068698,0.7882539999999999,0.14305,skyrim
-0.043869800000000014,0.119126,0.786242,0.09463,Economics
0.046566,0.08487399999999999,0.7889480000000001,0.12618,OSHA
0.009869999999999995,0.066548,0.8694040000000001,0.06405,indieheads
-0.2484686956521739,0.23913913043478266,0.6805652173913045,0.08031304347826088,JusticePorn
0.1983186,0.051100000000000007,0.8136439999999999,0.13525,WeAreTheMusicMakers
0.028590000000000008,0.084884,0.800872,0.11224,ShittyLifeProTips
0.054684,0.06928999999999999,0.8210940000000001,0.109616,Steam
0.083763,0.055898,0.83354,0.110558,powerwashingporn
-0.06925,0.084334,0.8722080000000001,0.043466000000000005,fakehistoryporn
-0.0375904,0.06885,0.8843420000000001,0.046818,hardware
0.2431446,0.025262,0.8380479999999999,0.136692,ThriftStoreHauls
0.049689599999999993,0.08483600000000001,0.8020940000000001,0.11307,Rainbow6
0.004757800000000003,0.084252,0.8299639999999999,0.085776,talesfromtechsupport
0.1587968,0.01879,0.847274,0.131934,Outdoors
0.04536780000000001,0.05322600000000001,0.861418,0.085352,Justrolledintotheshop
0.08302260000000002,0.036136,0.8845599999999999,0.079302,JapanTravel
0.0738602,0.033928,0.897596,0.068476,MachineLearning
0.13001420000000002,0.041027999999999995,0.8480260000000001,0.11094000000000001,bodybuilding
0.031197199999999994,0.074008,0.8342860000000001,0.08971199999999999,thisismylifenow
0.0132804,0.090432,0.8360580000000001,0.073508,CFB
-0.0135154,0.095568,0.8294839999999999,0.074942,DiWHY
0.0311594,0.045898,0.8845379999999999,0.06956,coolguides
-0.07052119999999999,0.17981,0.6969920000000001,0.123204,pettyrevenge
0.016738600000000003,0.0591,0.8570040000000001,0.08189600000000001,ANormalDayInRussia
0.2530134,0.021526,0.832292,0.14618599999999998,crafts
0.1615446,0.065974,0.7802039999999999,0.153808,CasualConversation
0.1307026,0.06373200000000001,0.800056,0.136202,smashbros
-0.16661154684095866,0.208,0.6811111111111111,0.11088453159041396,ProRevenge
0.0796858,0.07084800000000001,0.8185739999999999,0.110582,Fallout
-0.010988200000000002,0.096862,0.8231360000000001,0.07799600000000001,SweatyPalms
-0.0181014,0.1032,0.806338,0.090488,DoesAnybodyElse
0.037948600000000006,0.063876,0.8414960000000001,0.08663,confusing_perspective
0.07523433476394849,0.041845493562231766,0.8478540772532189,0.11028755364806866,UNBGBBIIVCHIDCTIICBG
0.19787839999999998,0.03341,0.8637020000000001,0.102886,BuyItForLife
0.0599126,0.06466799999999999,0.8132460000000001,0.12208,whitepeoplegifs
0.058373,0.09032000000000001,0.789718,0.119958,breakingbad
0.06598060000000001,0.066166,0.78966,0.13418,dankchristianmemes
-0.18187979999999998,0.247986,0.6948620000000001,0.057146,IdiotsFightingThings
0.08550899999999999,0.059876,0.8203039999999999,0.11981800000000001,futurama
0.05745860000000001,0.058922,0.8495499999999999,0.091528,geek
0.1626214,0.056744,0.799466,0.14379800000000004,podcasts
0.05909660000000001,0.11416,0.7087600000000001,0.17307599999999998,ComedyCemetery
0.07872699999999999,0.05918200000000001,0.8310879999999999,0.107726,ExpectationVsReality
0.092429,0.054446,0.819832,0.121716,google
0.009531200000000002,0.003536,0.9853799999999999,0.011084,astrophotography
0.12107999999999998,0.048486,0.854352,0.097162,PoliticalDiscussion
-0.0925296,0.100502,0.8394960000000001,0.060002,FanTheories
0.0398372,0.087226,0.807988,0.104774,WhatsWrongWithYourDog
0.1791558,0.053489999999999996,0.82215,0.122358,Filmmakers
0.0926952,0.0649,0.780324,0.15478,softwaregore
-0.1059916,0.14157,0.7891220000000001,0.06929600000000001,JUSTNOMIL
0.0261982,0.050116,0.8807940000000001,0.065086,ofcoursethatsathing
0.0008427999999999987,0.08738599999999999,0.840548,0.07207000000000001,AccidentalRenaissance
0.0510342,0.08819400000000001,0.7873859999999999,0.12443,DotA2
-0.0630752,0.106308,0.8351900000000001,0.05850200000000001,TalesFromRetail
0.0152808,0.069086,0.8468600000000001,0.08405599999999999,boottoobig
0.0273408,0.098076,0.761698,0.126234,HistoryMemes
-0.006857000000000002,0.090306,0.81979,0.089904,Justfuckmyshitup
0.09356875,0.04163392857142857,0.8670863095238095,0.0912827380952381,subredditoftheday
-0.17036099999999998,0.12503599999999998,0.803388,0.07157400000000001,Health
0.025359599999999996,0.001312,0.962696,0.035992,gentlemanboners
0.114608,0.022738,0.897042,0.080214,nasa
0.024647400000000003,0.07081,0.8338399999999999,0.093352,justneckbeardthings
0.14205700000000002,0.04555200000000001,0.8381700000000001,0.11628,Fantasy
-0.1088824,0.11758000000000003,0.810874,0.07155800000000001,environment
0.0020829999999999985,0.093192,0.8164580000000001,0.086344,gatekeeping
0.0094242,0.113224,0.743578,0.14119,creepyPMs
0.12868200000000002,0.007561999999999998,0.911402,0.08103400000000001,Watches
0.11908039999999999,0.027442,0.88246,0.090106,javascript
0.110087,0.05961,0.8338679999999999,0.106528,Entrepreneur
0.030369200000000002,0.07325599999999999,0.8115100000000001,0.105236,FellowKids
-0.0593974,0.15441600000000005,0.774776,0.0708,StartledCats
0.037095,0.10701600000000001,0.7710440000000001,0.121952,financialindependence
-0.0501344,0.117052,0.7918999999999998,0.091046,Drugs
-0.009159999999999995,0.08721199999999997,0.8343219999999999,0.078476,beta
-0.0930876,0.14225799999999994,0.7954779999999999,0.062272,Metal
0.030454200000000004,0.049208,0.8827760000000001,0.06601599999999999,wallpapers
-0.040293800000000005,0.121586,0.7997380000000001,0.078672,firstworldanarchists
0.07928539999999999,0.065118,0.8393499999999999,0.095552,blunderyears
0.0517504,0.09438,0.7328939999999999,0.146728,dank_meme
0.0562556,0.055653999999999995,0.828462,0.11589,wallstreetbets
0.13717259999999998,0.020030000000000003,0.8885139999999999,0.091452,hiking
0.14880419999999994,0.042726,0.8272440000000001,0.130026,formula1
0.4888598,0.012886000000000002,0.7476459999999999,0.23946399999999998,redditgetsdrawn
0.1692138,0.026633999999999998,0.8489500000000001,0.124424,homestead
0.1021658,0.042283999999999995,0.8497680000000001,0.10795,chemistry
-0.060108,0.114498,0.8169659999999999,0.06853200000000001,LetsNotMeet
0.015060199999999998,0.024188,0.948168,0.027638,ArtefactPorn
0.0383288,0.021524,0.920626,0.057848000000000004,KenM
0.0389022,0.07854599999999999,0.7915939999999999,0.125866,combinedgifs
0.07316660000000001,0.046166000000000006,0.866648,0.085194,LearnUselessTalents
0.10153560000000002,0.063288,0.832192,0.104512,solotravel
0.052376000000000006,0.0289,0.903178,0.06792000000000001,chemicalreactiongifs
0.12368499999999999,0.06318,0.8168240000000001,0.11999000000000001,rpg
0.06818779999999999,0.052730000000000006,0.84167,0.10159800000000001,Graffiti
0.033139399999999986,0.08002999999999999,0.792424,0.12554400000000002,tumblr
-0.0149992,0.102086,0.81001,0.08590600000000001,Shitty_Car_Mods
0.14015180000000005,0.053700000000000005,0.80084,0.14545600000000006,Marvel
0.1431338,0.055732000000000004,0.7774220000000001,0.162852,RocketLeague
0.09407239999999999,0.0361,0.8591260000000001,0.098778,KerbalSpaceProgram
-0.0269588,0.1074,0.807918,0.08268199999999999,shittyrobots
0.0738904,0.055394000000000006,0.81024,0.13436800000000002,blackpeoplegifs
0.07635800000000001,0.00961,0.949794,0.040596000000000014,buildapcsales
0.028224000000000006,0.040306,0.894702,0.06499200000000001,NotMyJob
0.1854198,0.038412,0.7853020000000001,0.172298,PenmanshipPorn
0.03839660000000001,0.108348,0.719376,0.16026999999999994,FunnyandSad
0.0403616,0.07836599999999999,0.8276359999999999,0.094,outside
-0.07303880000000001,0.134678,0.7778219999999999,0.085512,TumblrInAction
0.0210908,0.08493600000000001,0.8154859999999999,0.09958,canada
-0.02674,0.090648,0.8307619999999999,0.078588,business
0.011486199999999995,0.070278,0.858146,0.071578,techsupport
-0.009017600000000002,0.11427999999999999,0.782824,0.1029,polandball
0.014485200000000004,0.092162,0.7863539999999999,0.11949000000000001,childfree
-0.0356772,0.13885,0.737546,0.12361199999999999,self
-0.08934459999999997,0.13772199999999998,0.795056,0.065218,evilbuildings
0.029900799999999998,0.103326,0.781536,0.11515,truegaming
0.137081,0.048389999999999996,0.8088380000000001,0.138764,calvinandhobbes
0.14939460000000002,0.023260000000000003,0.8692700000000001,0.107466,audiophile
-0.0710916,0.11869000000000003,0.7937939999999999,0.08753200000000001,TooAfraidToAsk
0.03567,0.03832702702702703,0.8925918918918919,0.06908108108108107,SketchDaily
0.0387518,0.026978,0.914464,0.058565999999999986,mechanical_gifs
0.08907599999999999,0.057438,0.827674,0.11289,EDM
0.007614800000000005,0.069506,0.8612339999999999,0.069272,asoiaf
0.026602999999999998,0.06779600000000001,0.8053319999999999,0.094876,surrealmemes
-0.0163736,0.13509000000000002,0.7370800000000001,0.119836,sadcringe
0.057674199999999995,0.07785399999999999,0.80092,0.11523199999999999,IASIP
0.001877800000000001,0.10203200000000001,0.788512,0.109458,ScottishPeopleTwitter
0.00030619999999999996,0.0,0.9991120000000001,0.0008880000000000001,cursedimages
0.053252999999999995,0.068192,0.8422440000000001,0.089558,Survival
-0.2178722,0.13753800000000002,0.803026,0.059455999999999995,SubredditDrama
-0.048528037383177576,0.05990654205607478,0.8943785046728971,0.045719626168224295,ColorizedHistory
0.17064839999999998,0.029862,0.853614,0.116524,somethingimade
0.08543800000000001,0.07866200000000001,0.778868,0.142474,reddeadredemption
0.0621822,0.06568,0.79845,0.13186599999999998,crappyoffbrands
0.0234436,0.045702,0.88912,0.06517599999999997,WeWantPlates
0.0511016,0.079694,0.796132,0.124172,gifsthatkeepongiving
0.0489042,0.081536,0.7929219999999999,0.12353,freefolk
-0.0314488,0.124508,0.7665820000000001,0.1089,psychology
-0.2086398,0.221178,0.6587660000000001,0.120032,depression
0.060233333333333326,0.0,0.93775,0.06225,soccerstreams
-0.045507,0.103466,0.81625,0.080292,LivestreamFail
0.047938199999999986,0.054974,0.8667600000000001,0.07826799999999999,mashups
0.198725,0.0,0.8255,0.1745,nbastreams
0.013297000000000002,0.09841,0.7805359999999999,0.119048,woooosh
0.07670859999999999,0.064078,0.8325920000000001,0.103332,Twitch
0.0,0.0,1.0,0.0,nflstreams
-0.14446460000000005,0.14125400000000002,0.769158,0.08958800000000001,TrueReddit
0.1052424,0.047122000000000004,0.8538920000000001,0.098982,ethereum
0.15270080000000005,0.040636000000000005,0.8398199999999999,0.11955000000000003,classicalmusic
-0.017354400000000002,0.10116999999999997,0.819522,0.075302,thalassophobia
0.043223000000000004,0.019034,0.943996,0.036968,ExposurePorn
0.04379942196531793,0.02953179190751445,0.9130057803468208,0.05745664739884394,shutupandtakemymoney
0.007355599999999999,0.034556,0.9231959999999999,0.042248000000000015,holdmyredbull
0.1211298,0.051592,0.843852,0.10456200000000003,Guitar
0.052326,0.07088199999999999,0.8156720000000001,0.11144000000000001,guns
0.08324260000000001,0.083344,0.743946,0.166716,indianpeoplefacebook
0.0007585999999999933,0.0757,0.849376,0.07491800000000001,CrazyIdeas
0.16933890410958904,0.046854794520547936,0.7895287671232877,0.163613698630137,babyelephantgifs
0.178065,0.036706,0.8276720000000001,0.135626,wiiu
0.19099960000000002,0.037627999999999995,0.8047539999999999,0.149616,dogswithjobs
0.0418576,0.10069199999999999,0.727278,0.16202999999999998,PornhubComments
0.023169799999999997,0.022848,0.941016,0.036136,MachinePorn
0.12949480000000002,0.046714,0.8113520000000001,0.14193400000000006,IWantToLearn
0.16115739999999998,0.037238,0.8310280000000001,0.13173400000000002,3DS
0.05138480000000001,0.08147,0.817472,0.101044,QuotesPorn
0.0242944,0.009718000000000001,0.966248,0.024036,CityPorn
-0.23677440000000002,0.155704,0.80599,0.038298,FloridaMan
0.16254700000000002,0.030938,0.8571759999999999,0.111884,AsianBeauty
0.020892599999999997,0.09879,0.7929360000000001,0.10627,AnimalTextGifs
0.14173419999999998,0.048510000000000005,0.8212919999999999,0.130198,bicycling
0.1200486,0.031630000000000005,0.867914,0.100456,lego
-0.034485,0.103986,0.8172640000000001,0.07876,disneyvacation
0.0544812,0.07069800000000001,0.8266600000000001,0.10263800000000001,nutrition
0.08959479999999999,0.02771,0.8807799999999999,0.08552,Zoomies
-0.06503560000000001,0.089536,0.844626,0.065828,privacy
0.1332492,0.050474000000000005,0.831174,0.11836,olympics
-0.026332799999999996,0.102848,0.819356,0.07780000000000001,IDontWorkHereLady
0.007332799999999999,0.11208,0.7738820000000001,0.112044,standupshots
0.0397856,0.07328,0.8270719999999999,0.099652,AskOuija
0.0647122,0.08071,0.785658,0.131632,NoFap
-0.0876134,0.158972,0.790784,0.04625,StoppedWorking
0.0437082,0.033796,0.903458,0.06274400000000001,theydidthemath
0.149137,0.049932,0.78347,0.16659800000000002,PandR
-0.0236424,0.131774,0.7551980000000001,0.10503,im14andthisisdeep
0.15725179999999997,0.029889999999999996,0.862348,0.107764,TheSilphRoad
-0.1435678,0.13381600000000002,0.804434,0.061748000000000004,offbeat
-0.10034,0.118556,0.8209620000000001,0.06047,AmItheAsshole
0.013535399999999998,0.10422999999999999,0.776462,0.1153,4PanelCringe
0.0993638,0.055336,0.810972,0.12768800000000002,h3h3productions
0.040557800000000005,0.035504000000000015,0.896274,0.068226,specializedtools
0.08091439999999998,0.088738,0.771396,0.13586600000000001,Prematurecelebration
0.046654,0.006774,0.9363600000000001,0.056866,Celebs
0.011433999999999998,0.11037,0.77512,0.114504,antiMLM
0.12307960000000001,0.038624,0.857672,0.10370399999999999,teslamotors
0.061463199999999996,0.04686,0.8805620000000001,0.072578,fantasyfootball
0.0453416,0.09978,0.7832100000000001,0.116994,getdisciplined
0.007838999999999999,0.104696,0.755452,0.137856,LateStageCapitalism
0.062169,0.010945999999999996,0.936638,0.052417999999999985,MostBeautiful
0.2694514,0.032986,0.7934559999999999,0.17356,FreeEBOOKS
0.05951140000000001,0.095808,0.7623399999999999,0.13985399999999998,dontdeadopeninside
0.11776059999999999,0.04218000000000001,0.8538279999999999,0.10398800000000001,Homebrewing
0.14378039999999995,0.019762,0.896076,0.08415399999999999,photocritique
0.0317008,0.11025400000000002,0.739772,0.149976,Nicegirls
0.0269066,0.049876,0.8872760000000001,0.062846,INEEEEDIT
0.08202869565217391,0.05048695652173913,0.8298927536231884,0.11962028985507248,DadReflexes
0.0319344,0.035882000000000004,0.905064,0.05905,perfectloops
0.17722140000000006,0.04964,0.8268639999999999,0.12347999999999999,SquaredCircle
0.0,0.0,1.0,0.0,CatsStandingUp
0.032956200000000005,0.016072,0.95206,0.031866000000000005,analog
-0.0373102,0.12980799999999998,0.76663,0.10356200000000003,confessions
0.0571448,0.094674,0.740644,0.154682,Animemes
0.1399626,0.047832000000000006,0.8123220000000001,0.13983399999999999,corgi
0.07812880000000001,0.064836,0.8217739999999999,0.11339599999999997,ShouldIbuythisgame
0.016323600000000004,0.059944,0.8636419999999999,0.076416,misleadingthumbnails
0.13722079999999998,0.033266000000000004,0.8694780000000001,0.097256,digitalnomad
0.0982216,0.035584000000000005,0.8703420000000001,0.094074,IWantOut
0.13202799999999998,0.0844,0.764642,0.150962,suggestmeabook
0.1614796,0.03669,0.840708,0.12260200000000003,snowboarding
0.0955966,0.06055599999999999,0.7330659999999999,0.202376,technicallythetruth
0.0535469387755102,0.03257142857142857,0.9165306122448978,0.05089795918367347,everymanshouldknow
0.08723519999999997,0.03783,0.866878,0.09529,aviation
-0.0862242,0.127162,0.791506,0.079322,raisedbynarcissists
0.12466560000000003,0.038268,0.8686759999999999,0.093058,jailbreak
0.1063272,0.020768,0.898598,0.08062799999999999,ketorecipes
0.008766200000000002,0.055470000000000005,0.8806459999999999,0.06387999999999999,holdmyjuicebox
0.0164218,0.021086,0.9453799999999999,0.033527999999999995,cosplaygirls
0.1043802,0.03586,0.8717020000000001,0.092434,linux
0.00630300000000001,0.097474,0.8056420000000001,0.09687799999999999,ADHD
0.00953,0.06122800000000001,0.8751979999999999,0.061572,Simulated
0.0,0.0,1.0,0.0,woof_irl
0.17233579999999998,0.028283999999999997,0.840096,0.131624,web_design
0.08368039999999999,0.052506,0.853298,0.094192,beer
0.036856,0.084908,0.791732,0.109358,Pareidolia
-0.429871,0.242382,0.715482,0.042162,rage
0.18001060000000002,0.030742,0.847866,0.121394,vandwellers
0.029342600000000007,0.093398,0.775408,0.125196,youdontsurf
0.047941199999999996,0.036924,0.8985200000000001,0.06455200000000001,worldbuilding
-0.025048400000000002,0.066912,0.8889159999999999,0.04417,holdmyfries
-0.102042,0.17060799999999998,0.7353019999999999,0.092086,instantkarma
-0.0284608,0.08439400000000001,0.8461799999999999,0.069428,mealtimevideos
0.1803872,0.034104,0.8302879999999999,0.13561800000000002,doctorwho
0.139409,0.035281999999999994,0.818574,0.144144,tippytaps
-0.0038048,0.06773799999999999,0.8581139999999999,0.074154,shittyreactiongifs
-0.0061942,0.037052,0.932792,0.030154,SpecArt
0.0,0.0,1.0,0.0,anime_irl
0.0465486,0.08509399999999999,0.77285,0.13805599999999998,bonehurtingjuice
0.0909802,0.031948000000000004,0.866408,0.10163999999999998,MechanicalKeyboards
0.1867966,0.07848999999999999,0.7388219999999999,0.18268199999999998,EmpireDidNothingWrong
0.145041,0.052453999999999994,0.799566,0.141966,Meditation
0.13283119999999998,0.04443,0.8308679999999999,0.12270000000000003,skiing
0.1473222,0.038992000000000006,0.852318,0.108686,climbing
0.0918914,0.064562,0.826816,0.10860999999999997,Screenwriting
-0.1158148,0.173476,0.7079380000000001,0.118582,unpopularopinion
0.09030520000000003,0.06824600000000001,0.8102739999999999,0.121476,ActLikeYouBelong
-0.0463114,0.090216,0.8437979999999999,0.065988,Boxing
0.07659260000000001,0.060656,0.8382299999999999,0.101104,minimalism
-0.009081,0.094062,0.8180360000000001,0.087892,circlejerk
0.0657842,0.065868,0.8304860000000001,0.103644,netflix
0.1149032,0.051505999999999996,0.8363299999999999,0.112158,kpop
0.170796,0.034395999999999996,0.8201879999999999,0.14541800000000002,StrangerThings
0.0459786,0.10518,0.72915,0.159678,terriblefacebookmemes
0.0562898,0.03665,0.8744900000000001,0.08086000000000003,Cyberpunk
0.06293000000000001,0.070988,0.806606,0.122412,Piracy
0.14474220000000002,0.016614,0.88761,0.095776,malelivingspace
0.07304840000000001,0.12773600000000002,0.708346,0.15991,howtonotgiveafuck
0.13170999999999994,0.034608000000000014,0.8529059999999999,0.11248399999999999,vinyl
0.11686600000000001,0.033734,0.8685740000000001,0.097692,Python
-0.06485817490494299,0.032167300380228143,0.9576730038022814,0.010159695817490494,de_IAmA
0.043515600000000015,0.06055,0.8552919999999999,0.084172,stocks
0.40699120000000005,0.060752,0.744506,0.19474400000000006,happy
-0.07773300000000001,0.09186,0.847268,0.060877999999999995,AMA
-0.04239600000000001,0.094614,0.8527379999999999,0.052646000000000005,Glitch_in_the_Matrix
0.18804279999999998,0.054105999999999994,0.75975,0.184158,totallynotrobots
0.0978642,0.08880600000000001,0.7748659999999999,0.13632,xxfitness
0.1826994,0.033957999999999995,0.830916,0.13512200000000002,homeautomation
0.0667498,0.06284799999999999,0.785328,0.143824,SuddenlyGay
0.014249599999999998,0.07921399999999999,0.8227439999999999,0.09004400000000001,creepyasterisks
0.1011178,0.038684,0.849456,0.11186,theocho
0.0593658,0.07901599999999999,0.774796,0.14618400000000004,yesyesyesno
0.165786,0.030610000000000002,0.841248,0.12815,Fishing
0.0508892,0.033096,0.8869300000000001,0.07797799999999999,EngineeringPorn
0.06302880000000001,0.058660000000000004,0.8256319999999999,0.113712,2007scape
-0.0043050000000000015,0.080502,0.846192,0.073306,techsupportgore
-0.0518528,0.123438,0.785246,0.091316,jesuschristreddit
0.045191,0.059065999999999994,0.8580479999999999,0.082888,startups
0.134327,0.06880199999999999,0.786578,0.144626,seduction
-0.1920886,0.138264,0.790396,0.07134,bestoflegaladvice
0.1915152,0.045398,0.819946,0.134654,gamedev
0.0763404,0.033604,0.907444,0.058959999999999985,spacex
0.14565460000000002,0.05459400000000001,0.7914100000000001,0.15199200000000002,TheLastAirbender
0.1685858,0.035460000000000005,0.8340780000000001,0.13047,graphic_design
0.034307600000000014,0.07314799999999999,0.831058,0.09579400000000003,sysadmin
-0.034593599999999995,0.059891999999999994,0.8893920000000001,0.050707999999999996,DepthHub
-0.036108,0.084744,0.840684,0.07458,britishproblems
0.0870284,0.071714,0.7889259999999999,0.13737,Breath_of_the_Wild
0.109561,0.06517200000000001,0.8142619999999999,0.118572,vagabond
0.0223832,0.057139999999999996,0.8746700000000001,0.06819599999999999,TheDepthsBelow
0.036405400000000004,0.078698,0.8238920000000001,0.0974,SubredditSimulator
0.020963,0.075616,0.8376140000000001,0.08677199999999999,AccidentalRacism
0.1179546,0.047226,0.8390920000000001,0.113684,beermoney
-0.13536239999999994,0.180052,0.748104,0.06784200000000001,hitmanimals
0.14662779999999997,0.02148,0.8613719999999999,0.11715199999999999,Autos
0.0804482,0.058162,0.852022,0.08981800000000001,magicTCG
0.126895,0.058448000000000014,0.8034279999999999,0.13813399999999998,FORTnITE
0.08374119999999999,0.069974,0.78987,0.132154,vegan
0.09012339999999999,0.051384000000000006,0.8529620000000001,0.095654,webdev
-0.062062599999999996,0.11030999999999999,0.8203459999999999,0.059344000000000015,copypasta
0.0276576,0.028758,0.90322,0.062024,2healthbars
-0.013729800000000002,0.04369,0.928534,0.027776,ThingsCutInHalfPorn
0.040460199999999995,0.072502,0.8322579999999999,0.09523999999999999,australia
0.0177952,0.120208,0.7289859999999999,0.14281,Badfaketexts
0.06297280000000001,0.020854,0.913388,0.06375600000000001,AccidentalWesAnderson
-0.03573780000000001,0.098534,0.8322379999999999,0.069222,netsec
0.08174119999999999,0.058984,0.8099480000000001,0.13106600000000002,delusionalartists
0.07316900000000001,0.024418000000000002,0.9113379999999999,0.06424600000000001,TheWayWeWere
0.07593539999999999,0.03269,0.8718980000000001,0.093412,notinteresting
0.007791199999999999,0.028962,0.929788,0.041248000000000014,MyPeopleNeedMe
0.1092866,0.057513999999999996,0.82826,0.114228,productivity
0.07857080000000001,0.06651,0.8092199999999999,0.124278,Warframe
0.17589200000000002,0.063776,0.7588060000000001,0.17542000000000002,MURICA
0.013290999999999999,0.023812,0.946358,0.029828,ArtPorn
0.26068800000000003,0.043542,0.7578220000000001,0.19863600000000006,lgbt
0.004773,0.002424,0.992406,0.00517,goddesses
0.0418308,0.082052,0.8046639999999999,0.11328800000000001,ClashRoyale
0.0943278,0.06674200000000001,0.8066279999999999,0.12662800000000002,CasualUK
0.06035079999999999,0.084954,0.745978,0.16307,Libertarian
0.054336800000000005,0.019266,0.929356,0.051384000000000006,RetroFuturism
0.05273760000000001,0.11367,0.742426,0.14389200000000002,DecidingToBeBetter
0.120196,0.06060599999999999,0.8073440000000001,0.132046,StardewValley
-0.10748379999999999,0.127708,0.8170999999999999,0.05519400000000001,Paranormal
-0.0027518000000000004,0.002836,0.997164,0.0,absolutelynotme_irl
0.11367460000000001,0.05393200000000001,0.798878,0.14719000000000002,brooklynninenine
0.1474252,0.027474,0.849208,0.12330999999999999,witcher
0.1259248,0.044674,0.843458,0.111874,3Dprinting
0.1034086,0.06611199999999999,0.806022,0.127872,MonsterHunter
0.09123760000000003,0.02914,0.8556040000000001,0.091254,outrun
0.06260671641791045,0.06995273631840795,0.8336791044776121,0.09638059701492538,NeutralPolitics
0.1726676,0.028406,0.8501519999999999,0.12144399999999997,lotr
0.1149698,0.059410000000000004,0.829152,0.11144400000000003,findareddit
0.1106558,0.053950000000000005,0.8213159999999999,0.122744,civ
0.002673,0.074824,0.850076,0.07509800000000001,cordcutters
0.042681800000000006,0.08555800000000001,0.745414,0.143032,Memes_Of_The_Dank
0.0707092,0.100762,0.755876,0.141362,drunk
0.1529058,0.061116,0.810828,0.12804200000000002,1200isplenty
-0.2393344,0.19147,0.73193,0.07460800000000001,pussypassdenied
-0.17021760000000002,0.15348599999999998,0.7699080000000001,0.07661600000000003,Foodforthought
0.09250080000000001,0.057094000000000006,0.8263219999999999,0.11658000000000003,familyguy
-0.013509599999999998,0.100944,0.8016260000000001,0.09743,shortscarystories
0.2013708,0.025682000000000003,0.851876,0.122446,knitting
-0.07230420000000001,0.097686,0.8355840000000001,0.06674200000000001,IsItBullshit
0.0876952,0.035410000000000004,0.8867200000000001,0.077876,cosplay
0.14960620000000002,0.060808000000000015,0.816924,0.12226400000000001,raining
0.06680520000000001,0.07166199999999999,0.8126980000000001,0.11163800000000001,TheSimpsons
0.1335598,0.076334,0.771458,0.15221600000000002,patientgamers
0.0132624,0.08361199999999999,0.8295379999999999,0.08684800000000001,beetlejuicing
-0.0433486,0.0755,0.882548,0.041956,fullmoviesonyoutube
0.08259860000000001,0.065562,0.8173279999999999,0.11711,fo4
0.021303799999999998,0.017934000000000002,0.950018,0.032049999999999995,france
0.14806460000000002,0.044095999999999996,0.8342700000000001,0.121626,edmproduction
0.054495150115473436,0.03396535796766744,0.9090230946882216,0.057002309468822177,WatchandLearn
-0.040642799999999986,0.110632,0.780324,0.10504200000000001,youtube
-0.008699600000000002,0.023754,0.966476,0.009772,TooMeIrlForMeIrl
-0.057173400000000006,0.114476,0.787878,0.097676,TrumpCriticizesTrump
-0.042453999999999985,0.117846,0.785082,0.09707400000000001,TalesFromYourServer
0.014815799999999997,0.10866400000000001,0.777782,0.11356400000000001,fatlogic
0.0556258,0.006817999999999999,0.959498,0.033682000000000004,ArchitecturePorn
0.053038399999999986,0.068098,0.8063980000000001,0.12551199999999998,ihavesex
0.0618594,0.101826,0.75022,0.14397000000000001,trebuchetmemes
0.071947,0.059129999999999995,0.8175159999999999,0.12136,JoeRogan
-0.0953314,0.092964,0.8465900000000002,0.060464,wikipedia
0.1163264,0.031228,0.8199279999999999,0.148844,hardcoreaww
0.04686959999999999,0.074432,0.8291759999999999,0.096386,btc
0.2874616,0.033744,0.7236199999999999,0.24064000000000002,Superbowl
0.114544,0.033888000000000015,0.8580679999999999,0.10804,OnePiece
-0.024150399999999995,0.10084800000000001,0.812872,0.086288,whowouldwin
0.13490560000000001,0.009544,0.90718,0.08327199999999997,AmateurRoomPorn
0.2984502,0.03518,0.7743399999999999,0.19048800000000002,dogpictures
0.0203784,0.08278400000000001,0.8018299999999999,0.111398,tf2
-0.0007766000000000003,0.020434,0.956152,0.023414,thenetherlands
-0.14838900000000002,0.18966,0.7075319999999999,0.102808,TrueOffMyChest
-0.032754599999999995,0.108474,0.81377,0.07775800000000001,PropagandaPosters
0.2014204,0.037486000000000005,0.8039459999999999,0.15855999999999998,BokuNoHeroAcademia
0.058574000000000015,0.06065,0.813064,0.11828599999999995,puns
0.23863779999999998,0.039572,0.7047619999999999,0.2556620000000001,wholesomebpt
-0.2255578,0.148162,0.81188,0.039962,CombatFootage
0.121225,0.039004000000000004,0.849482,0.111508,Coffee
0.2428692,0.020238,0.8429459999999999,0.13681,Baking
0.05983040000000001,0.072854,0.816746,0.108404,blackmirror
0.033029199999999995,0.029416,0.7816020000000001,0.046977999999999985,VaporwaveAesthetics
-0.0018343999999999997,0.098972,0.804858,0.09418,HadToHurt
0.0155192,0.010786,0.960986,0.026227999999999998,sweden
0.1158798,0.056026000000000006,0.8196620000000001,0.124304,tennis
0.1505612,0.047812,0.8280139999999999,0.124176,NASCAR
-0.12789560000000003,0.136846,0.7824500000000001,0.08071600000000001,unitedkingdom
0.108322,0.009623999999999999,0.8285399999999999,0.161834,PrettyGirls
0.0231072,0.08324200000000001,0.829232,0.087522,noisygifs
0.09375400000000003,0.0582,0.8148880000000001,0.12491399999999997,BoJackHorseman
-0.12597360000000002,0.196842,0.6953159999999999,0.107852,Anxiety
0.036192400000000007,0.08778399999999999,0.7981159999999999,0.11412200000000003,darksouls3
0.1020778,0.048018,0.845038,0.10693599999999999,apolloapp
0.06563260000000001,0.06849,0.8126059999999999,0.11691199999999999,pathofexile
0.13427679999999995,0.05643400000000001,0.7996940000000001,0.143868,gainit
-0.0723122,0.103748,0.8442040000000001,0.052062,gamernews
0.065068,0.020278,0.921482,0.058238,vexillology
0.15041600000000002,0.06911,0.761912,0.16898600000000005,LucidDreaming
0.185257,0.050210000000000005,0.80629,0.141508,intermittentfasting
0.008968199999999997,0.10584,0.7764759999999998,0.11768599999999999,SequelMemes
0.14580079999999998,0.045762,0.8196079999999999,0.134626,community
0.1158162,0.06325199999999999,0.806884,0.129876,rupaulsdragrace
0.1228314,0.044348,0.8260080000000001,0.129634,batman
0.0536682,0.05952799999999999,0.8352299999999999,0.099244,Kanye
0.08601519999999999,0.070904,0.8003979999999999,0.12869999999999998,destiny2
0.006599999999999997,0.041592000000000004,0.915276,0.043134,ImaginaryLandscapes
-0.0330882,0.06006400000000001,0.8918039999999999,0.04813,MilitaryPorn
0.008064199999999997,0.105984,0.772856,0.11915999999999999,forwardsfromgrandma
0.12922340000000002,0.049059999999999986,0.814184,0.136754,starcraft
0.0,0.0,1.0,0.0,MEOW_IRL
-0.0749212,0.121212,0.801744,0.077046,finance
0.0257584,0.08841399999999999,0.806988,0.104594,SandersForPresident
0.24482240000000002,0.07094400000000001,0.7811680000000001,0.147868,BeforeNAfterAdoption
0.13980779999999998,0.029060000000000002,0.8468979999999999,0.124046,LadyBoners
0.0719,0.061098,0.8266420000000001,0.11226199999999999,ArcherFX
0.0407464,0.029812,0.917248,0.052934,HumanPorn
-0.029230400000000007,0.08932799999999999,0.851928,0.058745999999999986,holdmycatnip
0.0443286,0.099528,0.743818,0.15265,engrish
-0.017728199999999996,0.02875,0.945608,0.02164,brasil
0.12488359999999997,0.043392,0.8228639999999999,0.13375,roosterteeth
0.10938540000000001,0.040446,0.8546880000000001,0.104856,DCcomics
-0.0808146,0.11853,0.805268,0.07621,medicine
0.0965306,0.045904,0.8378720000000001,0.11622,arresteddevelopment
0.1047286,0.075422,0.7950980000000001,0.129486,NoMansSkyTheGame
-0.013407799999999996,0.100464,0.8122659999999999,0.08728,cscareerquestions
0.0486706,0.061458000000000006,0.8480219999999999,0.09051000000000001,engineering
0.0064146,0.063236,0.8716199999999998,0.06515399999999999,tech
0.1814414,0.032574,0.804126,0.15729200000000002,LSD
0.04440277777777778,0.046183333333333326,0.88165,0.07216666666666667,breathinginformation
-0.007805200000000002,0.084826,0.8403019999999999,0.07488400000000002,mallninjashit
0.14532,0.048946,0.8123019999999999,0.138766,ffxiv
-0.0649944,0.11092,0.817522,0.07155399999999999,jobs
-0.15153060000000002,0.16451,0.7509819999999999,0.084516,Advice
0.1053212,0.069812,0.7998540000000001,0.130326,r4r
0.12762980000000002,0.06876399999999999,0.77786,0.15137799999999998,halo
0.0399314,0.071056,0.778402,0.12253800000000001,sbubby
0.0965822,0.07363800000000001,0.801304,0.125058,FIFA
0.1961836,0.047248000000000005,0.792762,0.15999599999999994,Naruto
0.0031222,0.099426,0.7911459999999999,0.103422,lewronggeneration
0.12215999999999999,0.068768,0.788484,0.14274,heroesofthestorm
0.0946222,0.06394999999999999,0.8186140000000001,0.117434,Diablo
0.1066456,0.040420000000000005,0.843888,0.111686,headphones
0.16035839999999998,0.042518,0.7998419999999999,0.151642,adventuretime
-0.1819376,0.14641400000000002,0.7669560000000001,0.08663599999999999,MensRights
0.0014809999999999982,0.061106,0.875856,0.06302,firstworldproblems
0.07848060000000001,0.040442,0.878862,0.08068600000000001,ethtrader
0.026269600000000004,0.077582,0.8349059999999999,0.087508,darksouls
0.051391,0.05635,0.850504,0.087146,birdswitharms
0.0408028,0.085464,0.8036220000000001,0.11091600000000001,GrandTheftAutoV
0.2259784,0.04102,0.723662,0.233312,wholesomegifs
-0.012485,0.07325599999999999,0.8543700000000001,0.072378,AntiJokes
0.08830000000000003,0.030006,0.8870979999999999,0.082898,Blep
-0.0008700000000000027,0.089864,0.8154739999999999,0.09466799999999999,badwomensanatomy
0.060511,0.081978,0.7761640000000001,0.13785799999999998,AccidentalComedy
0.1230588,0.033344,0.8708040000000001,0.095854,litecoin
-0.010938799999999999,0.047238,0.914472,0.038298,ImaginaryMonsters
-0.07606080000000001,0.128452,0.769582,0.101956,lastimages
0.171188,0.033536,0.8393039999999999,0.127162,dbz
0.0801194,0.07436599999999999,0.8018460000000001,0.123788,Guildwars2
0.07665219999999999,0.042316,0.86195,0.09573200000000001,StockMarket
0.010778200000000002,0.096158,0.779834,0.112008,wtfstockphotos
0.061054,0.088094,0.7650640000000001,0.14683999999999994,UnsentLetters
0.1160508,0.022086,0.891278,0.08664600000000001,Ripple
0.0772204,0.055816,0.836258,0.105924,FashionReps
-0.11178101265822783,0.16659493670886075,0.8026075949367091,0.030797468354430382,WastedGifs
-0.056087999999999985,0.06295,0.908726,0.028319999999999998,UrbanHell
0.0442816,0.026313999999999997,0.91847,0.055221999999999986,EDC
0.12783060000000002,0.043906000000000014,0.812616,0.14347800000000002,TopGear
-0.021469999999999996,0.14502199999999998,0.7413480000000001,0.111622,discordapp
0.07585060000000003,0.058732000000000006,0.839838,0.101436,Competitiveoverwatch
0.0704816,0.063118,0.825234,0.10964600000000001,ireland
-0.046935359116022105,0.14216574585635358,0.7703093922651933,0.08751933701657458,catpranks
0.0648866,0.047528000000000015,0.8349639999999999,0.115508,SlyGifs
0.1275914,0.045156000000000016,0.806398,0.13844800000000002,Sneks
0.0443386,0.06637,0.8281040000000001,0.105528,gif
0.10635439999999999,0.04521,0.852598,0.102188,AutoDetailing
0.0822068,0.038786,0.8698980000000001,0.091326,CitiesSkylines
0.05656600000000001,0.07777200000000001,0.785784,0.13644399999999998,awwwtf
0.06320300000000001,0.052351999999999996,0.838634,0.10501599999999997,mildlypenis
0.09740639999999999,0.037658,0.8763479999999999,0.085994,AskCulinary
-0.05396480000000002,0.11651,0.7792899999999999,0.1042,IncelTears
0.01878,0.008134,0.963276,0.02859,absolutelynotmeirl
0.005317600000000002,0.112094,0.762664,0.121234,battlefield_one
0.1061688,0.06324,0.803348,0.13342600000000002,Psychonaut
0.0772404,0.039868,0.8555780000000001,0.104552,Philippines
0.041148199999999996,0.055279999999999996,0.8494380000000001,0.093288,CatTaps
-0.002691800000000001,0.07435800000000001,0.8534539999999999,0.07217799999999999,MechanicAdvice
-0.04638780000000001,0.095892,0.821808,0.0803,Conservative
0.0949512,0.042368,0.8608959999999999,0.096736,Amd
0.18326199999999998,0.033991999999999994,0.82731,0.136702,yoga
-0.0374118,0.06763000000000001,0.882674,0.04969,Moviesinthemaking
-0.0638662,0.13628400000000002,0.7753000000000001,0.088422,TalesFromTheFrontDesk
0.016663999999999998,0.092252,0.800424,0.10732799999999999,DnDBehindTheScreen
0.15346980000000002,0.072516,0.7627240000000001,0.164758,summonerschool
-0.0493194,0.12833599999999998,0.798694,0.07096799999999999,fakealbumcovers
0.17688679999999998,0.032159999999999994,0.8146180000000001,0.153228,MasterReturns
0.061958000000000006,0.019326,0.898482,0.08219599999999999,restofthefuckingowl
0.11239499999999998,0.05578000000000001,0.800938,0.13728,gamegrumps
0.030048339483394824,0.057878228782287815,0.8633062730627307,0.07881549815498155,AdrenalinePorn
0.035823000000000015,0.092514,0.7772,0.12829200000000002,webcomics
-0.026770599999999995,0.13016,0.7523880000000001,0.117458,watchpeoplesurvive
0.121614,0.050236,0.8441259999999999,0.10563199999999999,startrek
0.17280420000000002,0.025727999999999997,0.8458379999999999,0.126446,Aquariums
0.0347722,0.038404,0.9073,0.054296,WeatherGifs
0.0639666,0.044384,0.8687239999999999,0.08289400000000001,SCP
0.08883119266055046,0.031073394495412843,0.8654862385321102,0.10344036697247706,NHLStreams
0.002641,0.0,0.99667,0.0033299999999999996,maybemaybemaybe
0.0475104,0.100454,0.684004,0.18154,OffensiveMemes
-0.024203199999999998,0.12134799999999997,0.7732640000000002,0.101388,bertstrips
0.05683340000000001,0.059186,0.8483280000000001,0.09247999999999999,wowthissubexists
0.013676400000000002,0.08734199999999999,0.8230959999999999,0.08956399999999999,gifsthatendtoosoon
0.086047,0.10185,0.76881,0.12934,quotes
0.07297160000000001,0.05724,0.838676,0.100082,skateboarding
0.1691674,0.049898000000000005,0.817276,0.13283399999999998,DungeonsAndDragons
0.049076000000000015,0.06589600000000001,0.823572,0.10653199999999999,Punny
0.2434382,0.023992,0.8019700000000001,0.17403200000000002,succulents
0.055733000000000005,0.06527999999999999,0.825204,0.10950599999999999,india
0.1086616,0.054658000000000005,0.8190599999999999,0.12628599999999998,popping
-0.05264259999999999,0.15443800000000002,0.727366,0.11618800000000001,DnDGreentext
0.0880368,0.031702,0.902286,0.06600199999999999,gundeals
0.150819,0.046800000000000015,0.8119099999999999,0.141292,elderscrollsonline
0.027962894736842103,0.08818421052631581,0.8070631578947368,0.10475263157894736,TrueAskReddit
0.065189,0.09677,0.76049,0.14274199999999998,forhonor
0.14727479999999998,0.07836000000000001,0.7541,0.167536,Christianity
0.023680200000000002,0.07678,0.826116,0.097108,Frisson
0.06723699999999999,0.074682,0.8203220000000001,0.104984,smallbusiness
0.006401400000000002,0.08097199999999999,0.8279280000000001,0.08909799999999997,3amjokes
0.0400798,0.08151599999999999,0.788514,0.12996800000000006,asianpeoplegifs
0.114192,0.027196,0.8914679999999999,0.081334,asmr
0.07661920000000001,0.056653999999999996,0.82388,0.11746400000000001,EngineeringStudents
0.0504558,0.044474000000000014,0.874338,0.07917999999999999,PixelArt
0.0011240000000000006,0.09508,0.814886,0.088042,classic4chan
0.024314599999999995,0.089676,0.778928,0.117394,Idubbbz
0.09564599999999998,0.035092,0.8594879999999999,0.10342,Catloaf
0.07352279999999999,0.045518,0.868318,0.086164,CryptoMarkets
0.1685802,0.030592,0.8186859999999999,0.146714,AnimalCrossing
-0.0508986,0.13137599999999994,0.7706500000000001,0.09797,TalesFromTheCustomer
-0.08210780000000001,0.11831199999999999,0.7798140000000001,0.101892,socialism
0.038911,0.094114,0.7621899999999999,0.1377,meme
0.05947659999999999,0.08765600000000001,0.7623199999999999,0.144032,facebookwins
-0.0204002,0.12154200000000001,0.7735519999999999,0.102898,Battlefield
0.015932400000000003,0.058346,0.8461519999999999,0.07349800000000001,keming
-0.090929,0.111472,0.8188979999999999,0.069628,ukpolitics
0.0519692,0.08039199999999999,0.786326,0.13328199999999998,PUBG
0.0020698000000000005,0.090544,0.8004479999999999,0.10101,toosoon
0.12795839999999997,0.037226,0.843518,0.119256,golf
0.0586874,0.12138000000000003,0.7312840000000002,0.14734,selfimprovement
0.1399244,0.047244,0.8324900000000001,0.12025999999999999,learnpython
0.041129,0.07747000000000001,0.8017360000000001,0.118798,Military
0.1823182,0.036682,0.815046,0.14827,beards
0.029499599999999997,0.08100999999999997,0.808588,0.106406,ufc
-0.0271998,0.101688,0.8016960000000001,0.096622,electronic_cigarette
0.06334100000000001,0.078638,0.8111320000000001,0.11023,dndnext
0.08830660000000001,0.070952,0.80728,0.121774,Nootropics
0.07425280000000001,0.12693,0.644732,0.224332,wowthanksimcured
0.0482758,0.069728,0.8291700000000001,0.101092,nyc
0.08741180000000001,0.05131200000000001,0.8454799999999999,0.10321199999999998,newzealand
-0.017029799999999994,0.090958,0.809646,0.099386,The_Mueller
0.1585788,0.033260000000000005,0.8460280000000001,0.11871,languagelearning
0.0141174,0.070938,0.8464280000000001,0.08063200000000001,Thisismylifemeow
0.0636634,0.070732,0.8230620000000001,0.10621400000000002,YouSeeComrade
0.117217,0.040336000000000004,0.8531139999999999,0.106556,musictheory
0.14122920000000005,0.051276,0.8251360000000001,0.12359,Buddhism
0.1439118,0.0449,0.806184,0.146912,stevenuniverse
0.036561799999999985,0.08336600000000001,0.811846,0.100784,badtattoos
0.06227499999999999,0.017306000000000002,0.9328879999999999,0.049798,architecture
0.13137379999999999,0.031456000000000005,0.855484,0.11104000000000001,masseffect
0.08704339999999999,0.063118,0.82989,0.10700599999999999,TrueFilm
0.1041962,0.041080000000000005,0.8558479999999999,0.10307,StonerEngineering
0.0046208,0.07873599999999999,0.848196,0.07305800000000001,techsupportmacgyver
0.2255138,0.043834000000000005,0.8006939999999999,0.155478,curlyhair
0.1705348,0.048498000000000006,0.7670319999999999,0.184476,PartyParrot
-0.032961399999999995,0.077314,0.863558,0.057126,casualiama
0.15129160000000005,0.03814,0.7154839999999999,0.244378,realasians
0.0725552,0.070726,0.819194,0.10808399999999999,Warhammer40k
0.11550140000000003,0.07426600000000003,0.78495,0.14079399999999995,OverwatchUniversity
0.037254600000000006,0.088594,0.7955880000000001,0.107828,ElderScrolls
0.005166197183098592,0.04876760563380282,0.9018215962441314,0.049415492957746485,itsaunixsystem
0.054101200000000016,0.061438,0.8293659999999999,0.10719000000000001,Terraria
0.07295320000000001,0.055238,0.8427399999999999,0.102022,weightroom
0.0426648,0.096748,0.76144,0.13782,StarWarsBattlefront
-0.010045399999999998,0.10580999999999999,0.779118,0.11508000000000003,vaxxhappened
0.12972519999999998,0.023476,0.8724079999999999,0.104112,churning
0.1760964,0.032780000000000004,0.847066,0.12015,seriouseats
0.105138,0.07357599999999999,0.7790220000000001,0.147404,funhaus
0.1554882,0.045413999999999996,0.8393379999999999,0.11523800000000001,HailCorporate
0.126911,0.047304,0.8355020000000001,0.11719400000000002,marketing
0.1685692,0.033494,0.8599700000000001,0.106534,InteriorDesign
0.032607599999999994,0.08774799999999999,0.7954180000000001,0.116828,gtaonline
-0.4147218,0.216234,0.735846,0.047916000000000014,Bad_Cop_No_Donut
0.0294986,0.08367599999999999,0.808712,0.107616,CODZombies
-0.011161399999999998,0.10740199999999997,0.7738420000000001,0.11075,Gamingcirclejerk
0.10543419999999999,0.054630000000000005,0.8277840000000001,0.11758800000000001,runescape
-0.042453199999999996,0.041181999999999996,0.9364860000000002,0.018331999999999998,de
0.056613,0.032083999999999994,0.9031899999999999,0.06472199999999999,homelab
0.08537919999999999,0.046068,0.8488020000000001,0.101128,BreadStapledToTrees
0.009599600000000002,0.016506,0.962996,0.0205,thingsforants
0.0084572,0.096738,0.809794,0.093478,college
0.0951012,0.05903399999999999,0.8241059999999999,0.114856,thedivision
0.12266600000000001,0.05450599999999999,0.82524,0.12025999999999999,assassinscreed
-0.0879452,0.08772200000000001,0.8771820000000001,0.035092,submechanophobia
-0.0247018,0.074036,0.8671220000000001,0.058848000000000004,answers
0.09577999999999999,0.04273617021276596,0.8292,0.12807234042553192,barkour
0.10248519999999998,0.046094,0.8414999999999999,0.11241,london
0.0578952,0.08387399999999999,0.7855460000000001,0.128582,HitBoxPorn
0.037157,0.024586,0.9334520000000001,0.04196,megalinks
-0.023156799999999998,0.08981600000000001,0.8342700000000001,0.075924,japan
0.0892826,0.069486,0.81825,0.11226400000000003,ketogains
0.2064518,0.026198000000000003,0.7756460000000001,0.19816199999999998,brushybrushy
0.15869339999999998,0.029202,0.8484520000000001,0.122346,marijuanaenthusiasts
0.13730920000000002,0.052892,0.774512,0.166596,gaybros
0.0325132,0.06892400000000001,0.83542,0.093658,singapore
0.08557059999999997,0.057586,0.837982,0.10443800000000002,Monero
0.196679393939394,0.06398787878787879,0.7667818181818181,0.16313333333333335,happycryingdads
0.1430254,0.044102,0.7917639999999999,0.16013,trashpandas
0.1948104,0.049184,0.8001060000000001,0.150704,happycrowds
-0.13439500000000001,0.111472,0.83878,0.049739999999999986,KarmaCourt
0.0737284,0.077238,0.8221120000000001,0.100646,stopdrinking
0.0211352,0.09726,0.7870860000000001,0.11365,Anticonsumption
0.1128424,0.048662,0.8349840000000001,0.116356,betterCallSaul
0.033662399999999995,0.052792,0.870502,0.0767,networking
-0.07560639999999999,0.13034400000000002,0.7477600000000001,0.12186199999999998,TopMindsOfReddit
0.048034600000000004,0.0837,0.7757620000000001,0.12454000000000001,coaxedintoasnafu
0.05725319999999999,0.06731200000000001,0.8430559999999999,0.087632,Windows10
0.0946732,0.06337000000000001,0.813304,0.123332,PS4Deals
0.11297006507592193,0.014071583514099784,0.9084924078091108,0.07743167028199567,TinyHouses
0.1297054,0.05575599999999999,0.81379,0.12845399999999998,EliteDangerous
0.08877760000000001,0.053178,0.8245540000000001,0.12027000000000003,teefies
0.13262320000000002,0.022448,0.869424,0.106134,cableporn
0.2007276,0.02859,0.8336480000000001,0.137762,Breadit
0.012845600000000002,0.11949,0.759034,0.12147000000000001,TheGirlSurvivalGuide
0.059206,0.06362000000000001,0.7853020000000001,0.129072,pyrocynical
-0.143264,0.193178,0.72177,0.08506399999999999,StreetFights
0.22248099999999998,0.046208,0.793974,0.159816,eagles
0.13494360000000002,0.02907,0.8563540000000001,0.114582,GirlsMirin
0.11446960000000002,0.058075999999999996,0.8384379999999999,0.10348800000000001,IndieGaming
0.1512034,0.046484,0.836684,0.11683199999999999,AndroidGaming
0.11329760000000001,0.05834200000000001,0.8231219999999999,0.118536,androidapps
0.029277800000000003,0.10768399999999999,0.749606,0.134712,socialanxiety
0.09077699999999997,0.026622000000000003,0.8827879999999999,0.090586,unixporn
0.0264562,0.112332,0.7740739999999999,0.11359000000000001,askwomenadvice
-0.09858639999999998,0.121226,0.8173600000000001,0.061402,badhistory
0.10851480000000001,0.052203999999999987,0.82926,0.11854,starcitizen
-0.0659284,0.13831400000000002,0.7845439999999999,0.077142,dashcamgifs
0.135745,0.035946,0.845392,0.11866199999999999,Seattle
0.0895248,0.05476,0.843816,0.101426,HowToHack
0.1905458,0.028518,0.8414460000000001,0.13004199999999996,LearnJapanese
-0.05313659999999999,0.127646,0.7612399999999999,0.109136,beholdthemasterrace
0.12170460000000001,0.057478,0.8094779999999999,0.13304000000000002,KitchenConfidential
0.1369466,0.031838,0.8600679999999999,0.10809200000000001,knives
0.1938546,0.02635,0.8376220000000001,0.136036,BobsBurgers
0.0266108,0.08076599999999999,0.812286,0.10695,ClashOfClans
0.16415169491525425,0.04396610169491525,0.8085819209039548,0.14461864406779662,sportsarefun
0.0129316,0.027726,0.9330200000000001,0.03125,mexico
0.2071862,0.025334,0.8365999999999999,0.13806000000000002,disney
0.1340532,0.044736,0.8414459999999999,0.11381600000000001,oculus
0.10639160000000003,0.055254,0.820218,0.11853599999999999,radiohead
0.1091286,0.06260399999999999,0.79803,0.13937,NBA2k
0.172275,0.034496,0.8197360000000001,0.141764,AppleWatch
0.1451114,0.016152,0.8852540000000001,0.09859,veganrecipes
0.13762180000000002,0.017314,0.8783340000000001,0.104356,Pizza
0.1041368,0.05657,0.8209139999999999,0.12250600000000003,simpleliving
0.1121368,0.0423,0.840758,0.114932,MrRobot
0.16549679999999997,0.042304,0.791916,0.15977800000000006,thegrandtour
0.0382438,0.039824,0.91122,0.048956000000000006,linguistics
0.0775608,0.083182,0.775428,0.13938,OkCupid
0.06647660000000001,0.06364800000000001,0.8334320000000001,0.10291199999999999,toronto
-0.109541,0.109736,0.8208340000000001,0.069414,EverythingScience
-0.0222826,0.053166,0.9104260000000001,0.036410000000000005,CrackWatch
0.0826152,0.051064,0.8555860000000001,0.09335399999999998,GooglePixel
0.3325528,0.01486,0.669098,0.31404,happycowgifs
-0.003237399999999996,0.07496799999999999,0.8537600000000001,0.071276,WouldYouRather
0.003271078431372547,0.08899019607843138,0.8276323529411764,0.08337745098039216,Dogberg
0.2211386,0.0493,0.77496,0.175738,flexibility
-0.06408479999999997,0.089518,0.8393579999999999,0.071118,AskScienceFiction
0.14533100000000002,0.04503,0.816856,0.13411399999999998,warriors
0.1595318,0.037384,0.824412,0.1362,LiverpoolFC
0.1744636,0.04407,0.804982,0.15094400000000002,playstation
-0.016367600000000003,0.124128,0.7527640000000001,0.11711,BestOfReports
0.1448944,0.052364,0.7783760000000001,0.16326,actuallesbians
0.0818416,0.07219199999999999,0.801068,0.12674000000000002,diablo3
0.0878932,0.062764,0.8177639999999999,0.11948,fasting
0.1129202,0.055041999999999994,0.783412,0.161548,weed
-0.2257666,0.175182,0.7690859999999999,0.055732000000000004,UnsolvedMysteries
-0.0219952,0.047952000000000015,0.93315,0.018898,smoobypost
0.0541574,0.07875599999999999,0.8021320000000001,0.119118,bloodborne
0.14713485838779955,0.030786492374727668,0.8514226579520697,0.11778867102396512,budgetfood
0.0122954,0.03828,0.87134,0.042382,Ooer
0.1893112,0.0402,0.7820060000000001,0.17579200000000006,DesirePath
